timestamp,subject,sender,email,url,html,text
2012-06-26 13:11:30,b'cash: Year end email',b'Campus Cash Handlers',b'cash@lists.uoregon.edu',b'http://lists-prod.uoregon.edu/pipermail/cash/2012/000000.html',"b'<pre>As you know, we are approaching the end of another fiscal year. Friday, June 29th is the deadline for Departmental Deposits that need to be recorded in the current year.\n\n\n\nIn order to ensure that all deposits are posted to the current fiscal year, please have them delivered to the Cashier\'s Department by 3:00 pm on June 29th.\n\n\n\nIt is important to note that regardless of the date a deposit was created in TWADEPO, it must be delivered to the Cashiers Department and processed by Cashiers no later than June 29th for it to be recorded in Fiscal year 12.\n\nMike Syljuberget\nCashiers Manager-Business Affairs Office\nUniversity of Oregon\n(541) 346-3164\n\n-------------- next part --------------\nAn HTML attachment was scrubbed...\nURL: &lt;<a href=""http://lists-prod.uoregon.edu/pipermail/cash/attachments/20120626/162e40b3/attachment.html"">http://lists-prod.uoregon.edu/pipermail/cash/attachments/20120626/162e40b3/attachment.html</a>&gt;\n</pre>'","b""As you know, we are approaching the end of another fiscal year. Friday, June 29th is the deadline for Departmental Deposits that need to be recorded in the current year.\n\n\n\nIn order to ensure that all deposits are posted to the current fiscal year, please have them delivered to the Cashier's Department by 3:00 pm on June 29th.\n\n\n\nIt is important to note that regardless of the date a deposit was created in TWADEPO, it must be delivered to the Cashiers Department and processed by Cashiers no later than June 29th for it to be recorded in Fiscal year 12.\n\nMike Syljuberget\nCashiers Manager-Business Affairs Office\nUniversity of Oregon\n(541) 346-3164\n\n-------------- next part --------------\nAn HTML attachment was scrubbed...\nURL: <http://lists-prod.uoregon.edu/pipermail/cash/attachments/20120626/162e40b3/attachment.html>\n"""
2013-05-14 08:06:22,"b""cash: Cashier's Closed""",b'Campus Cash Handlers',b'cash@lists.uoregon.edu',b'http://lists-prod.uoregon.edu/pipermail/cash/2013/000001.html',"b'<pre>The cashier\'s department within the Business Affairs Office will be closed this morning from 9:15am to 10:30am for an annually required training.\n\nIt would be appreciated if you could wait until after 10:30 to bring in your departmental deposits.\n\nThank you for your patience and understanding.\n-------------- next part --------------\nAn HTML attachment was scrubbed...\nURL: &lt;<a href=""http://lists-prod.uoregon.edu/pipermail/cash/attachments/20130514/2e91d02a/attachment.html"">http://lists-prod.uoregon.edu/pipermail/cash/attachments/20130514/2e91d02a/attachment.html</a>&gt;\n</pre>'","b""The cashier's department within the Business Affairs Office will be closed this morning from 9:15am to 10:30am for an annually required training.\n\nIt would be appreciated if you could wait until after 10:30 to bring in your departmental deposits.\n\nThank you for your patience and understanding.\n-------------- next part --------------\nAn HTML attachment was scrubbed...\nURL: <http://lists-prod.uoregon.edu/pipermail/cash/attachments/20130514/2e91d02a/attachment.html>\n"""
2014-04-29 11:24:18,"b""cash: Staff shortage in Cashier's""",b'Campus Cash Handlers',b'cash@lists.uoregon.edu',b'http://lists-prod.uoregon.edu/pipermail/cash/2014/000002.html',"b'<pre>The Cashiers Department will have a temporary staff shortage this Friday afternoon, May 2.  If possible, please bring your departmental deposits to Cashiers earlier in the week or Friday morning.\n\nThank you!\n\nMike Syljuberget\nCashiers Manager-Business Affairs Office\nUniversity of Oregon\n(541) 346-3164\n\n-------------- next part --------------\nAn HTML attachment was scrubbed...\nURL: &lt;<a href=""http://lists-prod.uoregon.edu/pipermail/cash/attachments/20140429/006231c8/attachment.html"">http://lists-prod.uoregon.edu/pipermail/cash/attachments/20140429/006231c8/attachment.html</a>&gt;\n</pre>'","b'The Cashiers Department will have a temporary staff shortage this Friday afternoon, May 2.  If possible, please bring your departmental deposits to Cashiers earlier in the week or Friday morning.\n\nThank you!\n\nMike Syljuberget\nCashiers Manager-Business Affairs Office\nUniversity of Oregon\n(541) 346-3164\n\n-------------- next part --------------\nAn HTML attachment was scrubbed...\nURL: <http://lists-prod.uoregon.edu/pipermail/cash/attachments/20140429/006231c8/attachment.html>\n'"
2014-06-11 13:34:02,b'cash: Departmental Deposit procedures',b'Campus Cash Handlers',b'cash@lists.uoregon.edu',b'http://lists-prod.uoregon.edu/pipermail/cash/2014/000003.html',"b'<pre>Cashiers is considering making a change to our Departmental Deposit procedures. The proposed change, beginning 07/01/14, is that departments are only required to deliver TWO copies of the Departmental Deposit form to Cashiers. One copy will be stamped and returned to the department immediately, as a verification of the deposit. The second copy will remain in Cashiers.\n\nIf you have concerns about not receiving the third copy back in campus mail with the receipt number stamped on it, or you would like to see if the deposit has been processed, you can view that information in Banner.\n\nThere are several ways to look up your receipt number. I recommend using the form TWIDEPO. In that form you can perform a search based on the deposit number (EX 1) OR your Department (EX 2).\n\n[cid:<a href=""https://lists-prod.uoregon.edu/mailman/listinfo/cash"">image001.jpg at 01CF8579.06ABE7A0</a>]\n\nOnce in TWIDEPO you will see all current unprocessed deposits.\nEX 1) To perform a query you press F7 or the ? button in Banner, then type in the deposit number of the deposit that you are looking up, D00***** (ex: D0039130).\n\n\n[cid:<a href=""https://lists-prod.uoregon.edu/mailman/listinfo/cash"">image009.jpg at 01CEB387.C60A3E40</a>]\n\nThen press F8 or the ""execute query"" button.  The receipt number for that specific deposit will show up.\n\n\n[cid:<a href=""https://lists-prod.uoregon.edu/mailman/listinfo/cash"">image009.png at 01CE8177.B7E78DA0</a>]\n\nEX 2)  To look up your deposit by Department:\nUse the form TWIDEPO, and hit F7 or the ? to query, and tab over to the Department column.\nEnter in your Department code.\n\n\n[cid:<a href=""https://lists-prod.uoregon.edu/mailman/listinfo/cash"">image004.jpg at 01CF8579.06ABE7A0</a>]\n\n[cid:<a href=""https://lists-prod.uoregon.edu/mailman/listinfo/cash"">image005.png at 01CF8579.06ABE7A0</a>]Then press F8 or the execute button to retrieve your receipt number.\nNOTE: searching on your Department will  list all of the deposits that your Department has ever created. If you are looking for a specific deposit you may want to narrow your search.\n\n\nIf you have any questions about this process, need assistance in looking up a receipt number, or you would like to provide some feedback on this proposal, please feel free to contact Cashiers (6-3154) or the Cashiers mailbox at <a href=""https://lists-prod.uoregon.edu/mailman/listinfo/cash"">cashiers at uoregon.edu</a>&lt;mailto:<a href=""https://lists-prod.uoregon.edu/mailman/listinfo/cash"">cashiers at uoregon.edu</a>&gt; .\n\n\n\nMike Syljuberget\nCashiers Manager-Business Affairs Office\nUniversity of Oregon\n(541) 346-3164\n\n-------------- next part --------------\nAn HTML attachment was scrubbed...\nURL: &lt;<a href=""http://lists-prod.uoregon.edu/pipermail/cash/attachments/20140611/52b18417/attachment.html"">http://lists-prod.uoregon.edu/pipermail/cash/attachments/20140611/52b18417/attachment.html</a>&gt;\n-------------- next part --------------\nA non-text attachment was scrubbed...\nName: image001.jpg\nType: image/jpeg\nSize: 24077 bytes\nDesc: image001.jpg\nURL: &lt;<a href=""http://lists-prod.uoregon.edu/pipermail/cash/attachments/20140611/52b18417/attachment.jpg"">http://lists-prod.uoregon.edu/pipermail/cash/attachments/20140611/52b18417/attachment.jpg</a>&gt;\n-------------- next part --------------\nA non-text attachment was scrubbed...\nName: image002.jpg\nType: image/jpeg\nSize: 24896 bytes\nDesc: image002.jpg\nURL: &lt;<a href=""http://lists-prod.uoregon.edu/pipermail/cash/attachments/20140611/52b18417/attachment-0001.jpg"">http://lists-prod.uoregon.edu/pipermail/cash/attachments/20140611/52b18417/attachment-0001.jpg</a>&gt;\n-------------- next part --------------\nA non-text attachment was scrubbed...\nName: image003.jpg\nType: image/jpeg\nSize: 27387 bytes\nDesc: image003.jpg\nURL: &lt;<a href=""http://lists-prod.uoregon.edu/pipermail/cash/attachments/20140611/52b18417/attachment-0002.jpg"">http://lists-prod.uoregon.edu/pipermail/cash/attachments/20140611/52b18417/attachment-0002.jpg</a>&gt;\n-------------- next part --------------\nA non-text attachment was scrubbed...\nName: image004.jpg\nType: image/jpeg\nSize: 25964 bytes\nDesc: image004.jpg\nURL: &lt;<a href=""http://lists-prod.uoregon.edu/pipermail/cash/attachments/20140611/52b18417/attachment-0003.jpg"">http://lists-prod.uoregon.edu/pipermail/cash/attachments/20140611/52b18417/attachment-0003.jpg</a>&gt;\n-------------- next part --------------\nA non-text attachment was scrubbed...\nName: image005.png\nType: image/png\nSize: 988 bytes\nDesc: image005.png\nURL: &lt;<a href=""http://lists-prod.uoregon.edu/pipermail/cash/attachments/20140611/52b18417/attachment.png"">http://lists-prod.uoregon.edu/pipermail/cash/attachments/20140611/52b18417/attachment.png</a>&gt;\n</pre>'","b'Cashiers is considering making a change to our Departmental Deposit procedures. The proposed change, beginning 07/01/14, is that departments are only required to deliver TWO copies of the Departmental Deposit form to Cashiers. One copy will be stamped and returned to the department immediately, as a verification of the deposit. The second copy will remain in Cashiers.\n\nIf you have concerns about not receiving the third copy back in campus mail with the receipt number stamped on it, or you would like to see if the deposit has been processed, you can view that information in Banner.\n\nThere are several ways to look up your receipt number. I recommend using the form TWIDEPO. In that form you can perform a search based on the deposit number (EX 1) OR your Department (EX 2).\n\n[cid:image001.jpg at 01CF8579.06ABE7A0]\n\nOnce in TWIDEPO you will see all current unprocessed deposits.\nEX 1) To perform a query you press F7 or the ? button in Banner, then type in the deposit number of the deposit that you are looking up, D00***** (ex: D0039130).\n\n\n[cid:image009.jpg at 01CEB387.C60A3E40]\n\nThen press F8 or the ""execute query"" button.  The receipt number for that specific deposit will show up.\n\n\n[cid:image009.png at 01CE8177.B7E78DA0]\n\nEX 2)  To look up your deposit by Department:\nUse the form TWIDEPO, and hit F7 or the ? to query, and tab over to the Department column.\nEnter in your Department code.\n\n\n[cid:image004.jpg at 01CF8579.06ABE7A0]\n\n[cid:image005.png at 01CF8579.06ABE7A0]Then press F8 or the execute button to retrieve your receipt number.\nNOTE: searching on your Department will  list all of the deposits that your Department has ever created. If you are looking for a specific deposit you may want to narrow your search.\n\n\nIf you have any questions about this process, need assistance in looking up a receipt number, or you would like to provide some feedback on this proposal, please feel free to contact Cashiers (6-3154) or the Cashiers mailbox at cashiers at uoregon.edu<mailto:cashiers at uoregon.edu> .\n\n\n\nMike Syljuberget\nCashiers Manager-Business Affairs Office\nUniversity of Oregon\n(541) 346-3164\n\n-------------- next part --------------\nAn HTML attachment was scrubbed...\nURL: <http://lists-prod.uoregon.edu/pipermail/cash/attachments/20140611/52b18417/attachment.html>\n-------------- next part --------------\nA non-text attachment was scrubbed...\nName: image001.jpg\nType: image/jpeg\nSize: 24077 bytes\nDesc: image001.jpg\nURL: <http://lists-prod.uoregon.edu/pipermail/cash/attachments/20140611/52b18417/attachment.jpg>\n-------------- next part --------------\nA non-text attachment was scrubbed...\nName: image002.jpg\nType: image/jpeg\nSize: 24896 bytes\nDesc: image002.jpg\nURL: <http://lists-prod.uoregon.edu/pipermail/cash/attachments/20140611/52b18417/attachment-0001.jpg>\n-------------- next part --------------\nA non-text attachment was scrubbed...\nName: image003.jpg\nType: image/jpeg\nSize: 27387 bytes\nDesc: image003.jpg\nURL: <http://lists-prod.uoregon.edu/pipermail/cash/attachments/20140611/52b18417/attachment-0002.jpg>\n-------------- next part --------------\nA non-text attachment was scrubbed...\nName: image004.jpg\nType: image/jpeg\nSize: 25964 bytes\nDesc: image004.jpg\nURL: <http://lists-prod.uoregon.edu/pipermail/cash/attachments/20140611/52b18417/attachment-0003.jpg>\n-------------- next part --------------\nA non-text attachment was scrubbed...\nName: image005.png\nType: image/png\nSize: 988 bytes\nDesc: image005.png\nURL: <http://lists-prod.uoregon.edu/pipermail/cash/attachments/20140611/52b18417/attachment.png>\n'"
2014-09-25 15:49:04,b'cash: Check endorsement stamp',b'Campus Cash Handlers',b'cash@lists.uoregon.edu',b'http://lists-prod.uoregon.edu/pipermail/cash/2014/000004.html',"b'<pre>To all University department depositors:\n\nThe University of Oregon bank account number with US Bank has changed.  The banking information on your current check endorsement deposit stamp will need to be updated.  We appreciate your assistance with this matter, and would like to make you aware of some options for replacing or modifying your department\'s stamp/s:\n\n1.       Remove the sections of the stamp plate that are no longer applicable.  This can be done with a sharp blade (box cutter, razor blade, X-Acto knife).  Simply cut out the account number and the words ""U.S. BANK"" (the bottom two lines of the stamp), the entire line that reads ""Treasurer, State of Oregon"", and the number ""58005"" from the fourth line down, so it will just read ""UNIVERSITY OF OREGON"".  You can also remove the plate, cut out the above mentioned sections with a pair of scissors, and replace the applicable sections with superglue, if it does not reattach securely on its own.\n\n\n\nThe finished stamp should read:\n\n[Your Department Name Here  FOR DEPOSIT ONLY  UNIVERSITY OF OREGON]\n\n\n\n\n\n\n\n\n\n\n2.       Order new endorsement stamp/s.  This can be done through the office supply or custom stamp company of your choice.\nIf you have questions about this transition, feel free to contact me.\n\nThank you,\n\nMike Syljuberget\nCashiers Manager-Business Affairs Office\nUniversity of Oregon\n(541) 346-3164\n\n-------------- next part --------------\nAn HTML attachment was scrubbed...\nURL: &lt;<a href=""http://lists-prod.uoregon.edu/pipermail/cash/attachments/20140925/c3060cc5/attachment.html"">http://lists-prod.uoregon.edu/pipermail/cash/attachments/20140925/c3060cc5/attachment.html</a>&gt;\n-------------- next part --------------\nA non-text attachment was scrubbed...\nName: image001.emz\nType: application/octet-stream\nSize: 1180 bytes\nDesc: image001.emz\nURL: &lt;<a href=""http://lists-prod.uoregon.edu/pipermail/cash/attachments/20140925/c3060cc5/attachment.obj"">http://lists-prod.uoregon.edu/pipermail/cash/attachments/20140925/c3060cc5/attachment.obj</a>&gt;\n-------------- next part --------------\nA non-text attachment was scrubbed...\nName: image002.png\nType: image/png\nSize: 1757 bytes\nDesc: image002.png\nURL: &lt;<a href=""http://lists-prod.uoregon.edu/pipermail/cash/attachments/20140925/c3060cc5/attachment.png"">http://lists-prod.uoregon.edu/pipermail/cash/attachments/20140925/c3060cc5/attachment.png</a>&gt;\n</pre>'","b'To all University department depositors:\n\nThe University of Oregon bank account number with US Bank has changed.  The banking information on your current check endorsement deposit stamp will need to be updated.  We appreciate your assistance with this matter, and would like to make you aware of some options for replacing or modifying your department\'s stamp/s:\n\n1.       Remove the sections of the stamp plate that are no longer applicable.  This can be done with a sharp blade (box cutter, razor blade, X-Acto knife).  Simply cut out the account number and the words ""U.S. BANK"" (the bottom two lines of the stamp), the entire line that reads ""Treasurer, State of Oregon"", and the number ""58005"" from the fourth line down, so it will just read ""UNIVERSITY OF OREGON"".  You can also remove the plate, cut out the above mentioned sections with a pair of scissors, and replace the applicable sections with superglue, if it does not reattach securely on its own.\n\n\n\nThe finished stamp should read:\n\n[Your Department Name Here  FOR DEPOSIT ONLY  UNIVERSITY OF OREGON]\n\n\n\n\n\n\n\n\n\n\n2.       Order new endorsement stamp/s.  This can be done through the office supply or custom stamp company of your choice.\nIf you have questions about this transition, feel free to contact me.\n\nThank you,\n\nMike Syljuberget\nCashiers Manager-Business Affairs Office\nUniversity of Oregon\n(541) 346-3164\n\n-------------- next part --------------\nAn HTML attachment was scrubbed...\nURL: <http://lists-prod.uoregon.edu/pipermail/cash/attachments/20140925/c3060cc5/attachment.html>\n-------------- next part --------------\nA non-text attachment was scrubbed...\nName: image001.emz\nType: application/octet-stream\nSize: 1180 bytes\nDesc: image001.emz\nURL: <http://lists-prod.uoregon.edu/pipermail/cash/attachments/20140925/c3060cc5/attachment.obj>\n-------------- next part --------------\nA non-text attachment was scrubbed...\nName: image002.png\nType: image/png\nSize: 1757 bytes\nDesc: image002.png\nURL: <http://lists-prod.uoregon.edu/pipermail/cash/attachments/20140925/c3060cc5/attachment.png>\n'"
2014-11-07 13:20:01,b'cash: Wire Transfer Information',b'Campus Cash Handlers',b'cash@lists.uoregon.edu',b'http://lists-prod.uoregon.edu/pipermail/cash/2014/000005.html',"b'<pre>To all departments who receive funds by wire transfer:\n\nThe wire transfer information provided on the University of Oregon website has now been updated to reflect our new bank account. Please begin using this new account number immediately, and destroy any hard copies you may have that contain the account number for the old bank account. The old bank account will remain open for a transitional period of time.\n\nNote: This new bank account will receive all wire transfers sent to the UO, regardless of whether the originating bank is domestic or international. Therefore it is no longer necessary to have two separate wire transfer information forms.\n\nThe new Wire Transfer Information form can be found at <a href=""http://ba.uoregon.edu/sites/ba/files/forms/wti.pdf"">http://ba.uoregon.edu/sites/ba/files/forms/wti.pdf</a>\n\nMike Syljuberget\nCashiers Manager-Business Affairs Office\nUniversity of Oregon\n(541) 346-3164\n\n-------------- next part --------------\nAn HTML attachment was scrubbed...\nURL: &lt;<a href=""http://lists-prod.uoregon.edu/pipermail/cash/attachments/20141107/884b1678/attachment.html"">http://lists-prod.uoregon.edu/pipermail/cash/attachments/20141107/884b1678/attachment.html</a>&gt;\n</pre>'","b'To all departments who receive funds by wire transfer:\n\nThe wire transfer information provided on the University of Oregon website has now been updated to reflect our new bank account. Please begin using this new account number immediately, and destroy any hard copies you may have that contain the account number for the old bank account. The old bank account will remain open for a transitional period of time.\n\nNote: This new bank account will receive all wire transfers sent to the UO, regardless of whether the originating bank is domestic or international. Therefore it is no longer necessary to have two separate wire transfer information forms.\n\nThe new Wire Transfer Information form can be found at http://ba.uoregon.edu/sites/ba/files/forms/wti.pdf\n\nMike Syljuberget\nCashiers Manager-Business Affairs Office\nUniversity of Oregon\n(541) 346-3164\n\n-------------- next part --------------\nAn HTML attachment was scrubbed...\nURL: <http://lists-prod.uoregon.edu/pipermail/cash/attachments/20141107/884b1678/attachment.html>\n'"
2014-12-11 14:33:29,b'cash: Business Affairs Office - Closed',b'Campus Cash Handlers',b'cash@lists.uoregon.edu',b'http://lists-prod.uoregon.edu/pipermail/cash/2014/000006.html',"b'<pre>The Business Affairs Office will be closed on Friday, December 12th from 12:00pm to 1:30pm for their annual holiday party.  If you have the need to conduct business with us, please try to do so before or after these times.\n\nThank you,\n\nBAO Management &amp; Staff\n\n-------------- next part --------------\nAn HTML attachment was scrubbed...\nURL: &lt;<a href=""http://lists-prod.uoregon.edu/pipermail/cash/attachments/20141211/4292d2b2/attachment.html"">http://lists-prod.uoregon.edu/pipermail/cash/attachments/20141211/4292d2b2/attachment.html</a>&gt;\n</pre>'","b'The Business Affairs Office will be closed on Friday, December 12th from 12:00pm to 1:30pm for their annual holiday party.  If you have the need to conduct business with us, please try to do so before or after these times.\n\nThank you,\n\nBAO Management & Staff\n\n-------------- next part --------------\nAn HTML attachment was scrubbed...\nURL: <http://lists-prod.uoregon.edu/pipermail/cash/attachments/20141211/4292d2b2/attachment.html>\n'"
2014-12-17 13:44:08,b'cash: Business Affairs Office Holiday Closed dates',b'Campus Cash Handlers',b'cash@lists.uoregon.edu',b'http://lists-prod.uoregon.edu/pipermail/cash/2014/000007.html',"b'<pre>The Business Affairs Office will be closed on the following dates:\n\nWednesday, December 24\nThursday, December 25\nFriday, December 26\n\nThursday, January 1\n\nPlease plan your business with us accordingly and have a safe and happy holidays.\n\n\n-------------- next part --------------\nAn HTML attachment was scrubbed...\nURL: &lt;<a href=""http://lists-prod.uoregon.edu/pipermail/cash/attachments/20141217/5ad217f5/attachment.html"">http://lists-prod.uoregon.edu/pipermail/cash/attachments/20141217/5ad217f5/attachment.html</a>&gt;\n</pre>'","b'The Business Affairs Office will be closed on the following dates:\n\nWednesday, December 24\nThursday, December 25\nFriday, December 26\n\nThursday, January 1\n\nPlease plan your business with us accordingly and have a safe and happy holidays.\n\n\n-------------- next part --------------\nAn HTML attachment was scrubbed...\nURL: <http://lists-prod.uoregon.edu/pipermail/cash/attachments/20141217/5ad217f5/attachment.html>\n'"
2015-06-03 15:13:59,b'cash: Cashiers Office Closure',b'Campus Cash Handlers',b'cash@lists.uoregon.edu',b'http://lists-prod.uoregon.edu/pipermail/cash/2015/000008.html',"b'<pre>The UO Cashiers Office will be closed tomorrow Thursday June 4 from 9AM to 10AM. If you need to deliver us a departmental deposit, please avoid that hour since Cashiers will not be staffed.\n\nThank you,\n\nMike Syljuberget\nCashiers Manager-Business Affairs Office\nUniversity of Oregon\n(541) 346-3164\n\n-------------- next part --------------\nAn HTML attachment was scrubbed...\nURL: &lt;<a href=""http://lists-prod.uoregon.edu/pipermail/cash/attachments/20150603/54b85ab2/attachment.html"">http://lists-prod.uoregon.edu/pipermail/cash/attachments/20150603/54b85ab2/attachment.html</a>&gt;\n</pre>'","b'The UO Cashiers Office will be closed tomorrow Thursday June 4 from 9AM to 10AM. If you need to deliver us a departmental deposit, please avoid that hour since Cashiers will not be staffed.\n\nThank you,\n\nMike Syljuberget\nCashiers Manager-Business Affairs Office\nUniversity of Oregon\n(541) 346-3164\n\n-------------- next part --------------\nAn HTML attachment was scrubbed...\nURL: <http://lists-prod.uoregon.edu/pipermail/cash/attachments/20150603/54b85ab2/attachment.html>\n'"
2015-06-25 08:29:25,b'cash: Year-end deposit reminder',b'Campus Cash Handlers',b'cash@lists.uoregon.edu',b'http://lists-prod.uoregon.edu/pipermail/cash/2015/000009.html',"b'<pre>As you know, we are approaching the end of another fiscal year.  Tuesday, June 30th is the deadline for Departmental Deposits that need to be recorded in the current year. To beat the year-end rush, it is beneficial to have your deposits delivered to Cashiers before June 30th.. In order to ensure that all deposits are posted to the current fiscal year, please have them delivered to the Cashier\'s Department by 3:00 pm.\n\nIt is important to note that regardless of the date a deposit was created in TWADEPO, it must be delivered to the Cashiers Department and processed by Cashiers no later than June 30th for it to be recorded in Fiscal Year 15.\n\nMike Syljuberget\nCashiers Manager-Business Affairs Office\nUniversity of Oregon\n(541) 346-3164\n\n-------------- next part --------------\nAn HTML attachment was scrubbed...\nURL: &lt;<a href=""http://lists-prod.uoregon.edu/pipermail/cash/attachments/20150625/068c0551/attachment.html"">http://lists-prod.uoregon.edu/pipermail/cash/attachments/20150625/068c0551/attachment.html</a>&gt;\n</pre>'","b""As you know, we are approaching the end of another fiscal year.  Tuesday, June 30th is the deadline for Departmental Deposits that need to be recorded in the current year. To beat the year-end rush, it is beneficial to have your deposits delivered to Cashiers before June 30th.. In order to ensure that all deposits are posted to the current fiscal year, please have them delivered to the Cashier's Department by 3:00 pm.\n\nIt is important to note that regardless of the date a deposit was created in TWADEPO, it must be delivered to the Cashiers Department and processed by Cashiers no later than June 30th for it to be recorded in Fiscal Year 15.\n\nMike Syljuberget\nCashiers Manager-Business Affairs Office\nUniversity of Oregon\n(541) 346-3164\n\n-------------- next part --------------\nAn HTML attachment was scrubbed...\nURL: <http://lists-prod.uoregon.edu/pipermail/cash/attachments/20150625/068c0551/attachment.html>\n"""
2015-11-02 11:14:01,b'cash: PayPal verifying deposit',b'Campus Cash Handlers',b'cash@lists.uoregon.edu',b'http://lists-prod.uoregon.edu/pipermail/cash/2015/000010.html',"b'<pre>Please contact us if your department is expecting a PayPal deposit.\nPhone: 6-3154\nEmail: <a href=""https://lists-prod.uoregon.edu/mailman/listinfo/cash"">cashiers at uoregon.edu</a>&lt;mailto:<a href=""https://lists-prod.uoregon.edu/mailman/listinfo/cash"">cashiers at uoregon.edu</a>&gt;\n\nThank you\n\n-------------- next part --------------\nAn HTML attachment was scrubbed...\nURL: &lt;<a href=""http://lists-prod.uoregon.edu/pipermail/cash/attachments/20151102/3896c7e8/attachment.html"">http://lists-prod.uoregon.edu/pipermail/cash/attachments/20151102/3896c7e8/attachment.html</a>&gt;\n</pre>'",b'Please contact us if your department is expecting a PayPal deposit.\nPhone: 6-3154\nEmail: cashiers at uoregon.edu<mailto:cashiers at uoregon.edu>\n\nThank you\n\n-------------- next part --------------\nAn HTML attachment was scrubbed...\nURL: <http://lists-prod.uoregon.edu/pipermail/cash/attachments/20151102/3896c7e8/attachment.html>\n'
2015-12-15 11:45:34,b'cash: Business Affairs Office Holiday Closed dates',b'Campus Cash Handlers',b'cash@lists.uoregon.edu',b'http://lists-prod.uoregon.edu/pipermail/cash/2015/000011.html',"b'<pre>The Business Affairs Office will be closed on the following dates:\n\nFriday, December 18 (12:00pm to 1:30pm)\nThursday, December 24 (All Day)\nFriday, December 25 (All Day)\nFriday, January 1 (All Day)\n\nPlease plan your business with us accordingly and have a safe and happy holidays.\n\n-------------- next part --------------\nAn HTML attachment was scrubbed...\nURL: &lt;<a href=""http://lists-prod.uoregon.edu/pipermail/cash/attachments/20151215/ab827197/attachment.html"">http://lists-prod.uoregon.edu/pipermail/cash/attachments/20151215/ab827197/attachment.html</a>&gt;\n</pre>'","b'The Business Affairs Office will be closed on the following dates:\n\nFriday, December 18 (12:00pm to 1:30pm)\nThursday, December 24 (All Day)\nFriday, December 25 (All Day)\nFriday, January 1 (All Day)\n\nPlease plan your business with us accordingly and have a safe and happy holidays.\n\n-------------- next part --------------\nAn HTML attachment was scrubbed...\nURL: <http://lists-prod.uoregon.edu/pipermail/cash/attachments/20151215/ab827197/attachment.html>\n'"
2016-06-17 11:28:03,b'cash: Year-End deposit reminder',b'Campus Cash Handlers',b'cash@lists.uoregon.edu',b'http://lists-prod.uoregon.edu/pipermail/cash/2016/000012.html',"b'<pre>As you know, we are approaching the end of another fiscal year.  Thursday, June 30th is the deadline for Departmental Deposits that need to be recorded in the current year. To beat the year-end rush, it is beneficial to have your deposits delivered to Cashiers before June 30th.. In order to ensure that all deposits are posted to the current fiscal year, please have them delivered to the Cashier\'s Department by 3:00 pm.\n\nIt is important to note that regardless of the date a deposit was created in TWADEPO, it must be delivered to the Cashiers Department and processed by Cashiers no later than June 30th for it to be recorded in Fiscal Year 16.\n\nMike Syljuberget\nCashiers Manager-Business Affairs Office\nUniversity of Oregon\n(541) 346-3164\n\n-------------- next part --------------\nAn HTML attachment was scrubbed...\nURL: &lt;<a href=""http://lists-prod.uoregon.edu/pipermail/cash/attachments/20160617/a07df901/attachment.html"">http://lists-prod.uoregon.edu/pipermail/cash/attachments/20160617/a07df901/attachment.html</a>&gt;\n</pre>'","b""As you know, we are approaching the end of another fiscal year.  Thursday, June 30th is the deadline for Departmental Deposits that need to be recorded in the current year. To beat the year-end rush, it is beneficial to have your deposits delivered to Cashiers before June 30th.. In order to ensure that all deposits are posted to the current fiscal year, please have them delivered to the Cashier's Department by 3:00 pm.\n\nIt is important to note that regardless of the date a deposit was created in TWADEPO, it must be delivered to the Cashiers Department and processed by Cashiers no later than June 30th for it to be recorded in Fiscal Year 16.\n\nMike Syljuberget\nCashiers Manager-Business Affairs Office\nUniversity of Oregon\n(541) 346-3164\n\n-------------- next part --------------\nAn HTML attachment was scrubbed...\nURL: <http://lists-prod.uoregon.edu/pipermail/cash/attachments/20160617/a07df901/attachment.html>\n"""
2016-06-24 10:37:30,b'cash: Year-End deposit reminder',b'Campus Cash Handlers',b'cash@lists.uoregon.edu',b'http://lists-prod.uoregon.edu/pipermail/cash/2016/000013.html',"b'<pre>As you know, we are approaching the end of another fiscal year.  Thursday, June 30th is the deadline for Departmental Deposits that need to be recorded in the current year. To beat the year-end rush, it is beneficial to have your deposits delivered to Cashiers before June 30th.. In order to ensure that all deposits are posted to the current fiscal year, please have them delivered to the Cashier\'s Department by 3:00 pm.\n\nIt is important to note that regardless of the date a deposit was created in TWADEPO, it must be delivered to the Cashiers Department and processed by Cashiers no later than June 30th for it to be recorded in Fiscal Year 16.\n\nMike Syljuberget\nCashiers Manager-Business Affairs Office\nUniversity of Oregon\n(541) 346-3164\n\n-------------- next part --------------\nAn HTML attachment was scrubbed...\nURL: &lt;<a href=""http://lists-prod.uoregon.edu/pipermail/cash/attachments/20160624/3b13806a/attachment.html"">http://lists-prod.uoregon.edu/pipermail/cash/attachments/20160624/3b13806a/attachment.html</a>&gt;\n</pre>'","b""As you know, we are approaching the end of another fiscal year.  Thursday, June 30th is the deadline for Departmental Deposits that need to be recorded in the current year. To beat the year-end rush, it is beneficial to have your deposits delivered to Cashiers before June 30th.. In order to ensure that all deposits are posted to the current fiscal year, please have them delivered to the Cashier's Department by 3:00 pm.\n\nIt is important to note that regardless of the date a deposit was created in TWADEPO, it must be delivered to the Cashiers Department and processed by Cashiers no later than June 30th for it to be recorded in Fiscal Year 16.\n\nMike Syljuberget\nCashiers Manager-Business Affairs Office\nUniversity of Oregon\n(541) 346-3164\n\n-------------- next part --------------\nAn HTML attachment was scrubbed...\nURL: <http://lists-prod.uoregon.edu/pipermail/cash/attachments/20160624/3b13806a/attachment.html>\n"""
2016-06-30 10:57:23,b'cash: Department Deposit in Transit Reminder',b'Campus Cash Handlers',b'cash@lists.uoregon.edu',b'http://lists-prod.uoregon.edu/pipermail/cash/2016/000014.html',"b'<pre>Good morning,\n\nThe Business Affairs Office (BAO) Financial Services Department would like to remind University of Oregon (UO) personnel of the use of account code A0951 Cash-Department Deposit In Transit. For payments you have received but cannot deposit before the Cashiers\' Office year-end deadline of 3:00 p.m., Thursday June 30th, please use the following procedures to record a deposit in transit.\nRecord the deposit in transit by JV with a June transaction date:\n\nDebit                      Department Index               A0951 Cash-Department Deposit In Transit\n\nCredit                     Department Index               Revenue, Unearned Revenue, Accounts Receivable, etc.\n\nTo make the physical deposit with UO Cashiers using Banner form TWADEPO the next month:\n\nDebit                      CASH, CHEK, or CARD depending on how the payment was received\nCredit                     Department Index               A0951 Cash-Department Deposit In Transit\n\nIf deposits are made with the Cashiers\' Office in July that were received by your department in June, and the above procedures were not utilized, accrue the deposit with the following JV\'s.\n\nTo correct the FY16 activity, record the deposit in transit by JV with a June transaction date:\n\nDebit                      Department Index               A0951 Cash-Department Deposit In Transit\n\nCredit                     Department Index               Revenue, Unearned Revenue, Accounts Receivable, etc.\n\nTo correct the FY17 activity, reverse the entry with a July transaction date:\n\nDebit                      Department Index               Revenue, Unearned Revenue, Accounts Receivable, etc.\nCredit                     Department Index               A0951 Cash-Department Deposit In Transit\n\n\nPlease note that this account code and procedure should only be used to record payments that you have received but are unable to deposit with UO Cashiers by month end. Established cash handling procedures must be followed as indicated at <a href=""http://ba.uoregon.edu/staff/cash-handling-and-departmental-deposits."">http://ba.uoregon.edu/staff/cash-handling-and-departmental-deposits.</a>\n\n\n\nThank you,\n\nBAO Financial Services Department\n\nPhil Davis, 6-3524, <a href=""https://lists-prod.uoregon.edu/mailman/listinfo/cash"">pdavis at uoregon.edu</a>\nJill Ritz, 6-1256, <a href=""https://lists-prod.uoregon.edu/mailman/listinfo/cash"">jritz at uoregon.edu</a>&lt;mailto:<a href=""https://lists-prod.uoregon.edu/mailman/listinfo/cash"">jritz at uoregon.edu</a>&gt;\nRobbin Howard, 6-1115, <a href=""https://lists-prod.uoregon.edu/mailman/listinfo/cash"">rchoward at uoregon.edu</a>&lt;mailto:<a href=""https://lists-prod.uoregon.edu/mailman/listinfo/cash"">rchoward at uoregon.edu</a>&gt;\n\n-------------- next part --------------\nAn HTML attachment was scrubbed...\nURL: &lt;<a href=""http://lists-prod.uoregon.edu/pipermail/cash/attachments/20160630/87004194/attachment.html"">http://lists-prod.uoregon.edu/pipermail/cash/attachments/20160630/87004194/attachment.html</a>&gt;\n</pre>'","b""Good morning,\n\nThe Business Affairs Office (BAO) Financial Services Department would like to remind University of Oregon (UO) personnel of the use of account code A0951 Cash-Department Deposit In Transit. For payments you have received but cannot deposit before the Cashiers' Office year-end deadline of 3:00 p.m., Thursday June 30th, please use the following procedures to record a deposit in transit.\nRecord the deposit in transit by JV with a June transaction date:\n\nDebit                      Department Index               A0951 Cash-Department Deposit In Transit\n\nCredit                     Department Index               Revenue, Unearned Revenue, Accounts Receivable, etc.\n\nTo make the physical deposit with UO Cashiers using Banner form TWADEPO the next month:\n\nDebit                      CASH, CHEK, or CARD depending on how the payment was received\nCredit                     Department Index               A0951 Cash-Department Deposit In Transit\n\nIf deposits are made with the Cashiers' Office in July that were received by your department in June, and the above procedures were not utilized, accrue the deposit with the following JV's.\n\nTo correct the FY16 activity, record the deposit in transit by JV with a June transaction date:\n\nDebit                      Department Index               A0951 Cash-Department Deposit In Transit\n\nCredit                     Department Index               Revenue, Unearned Revenue, Accounts Receivable, etc.\n\nTo correct the FY17 activity, reverse the entry with a July transaction date:\n\nDebit                      Department Index               Revenue, Unearned Revenue, Accounts Receivable, etc.\nCredit                     Department Index               A0951 Cash-Department Deposit In Transit\n\n\nPlease note that this account code and procedure should only be used to record payments that you have received but are unable to deposit with UO Cashiers by month end. Established cash handling procedures must be followed as indicated at http://ba.uoregon.edu/staff/cash-handling-and-departmental-deposits.\n\n\n\nThank you,\n\nBAO Financial Services Department\n\nPhil Davis, 6-3524, pdavis at uoregon.edu\nJill Ritz, 6-1256, jritz at uoregon.edu<mailto:jritz at uoregon.edu>\nRobbin Howard, 6-1115, rchoward at uoregon.edu<mailto:rchoward at uoregon.edu>\n\n-------------- next part --------------\nAn HTML attachment was scrubbed...\nURL: <http://lists-prod.uoregon.edu/pipermail/cash/attachments/20160630/87004194/attachment.html>\n"""
2016-10-21 13:07:35,b'cash: Cashiers Office Move',b'Campus Cash Handlers',b'cash@lists.uoregon.edu',b'http://lists-prod.uoregon.edu/pipermail/cash/2016/000015.html',"b'<pre>Dear Campus Colleagues,\n\nThe Cashiers Office will soon be relocating to the Thompson University Center at 720 E 13th Ave, First Floor.\nCashiers move service hours and locations:\n\nOctober 27 - 28, 8 am - 5 pm - Oregon Hall, Student Billing Front Counter\n\nOctober 31, 8 am - 3 pm - Oregon Hall, Student Billing Front Counter\n\nNovember 1 - Closed\n\nNovember 2, 8:30 am - 5 pm - Thompson University Center, First Floor\n\nWe will continue answering our main phone number (541-346-3154) throughout this period.  If you need to reach a Cashiers employee by phone, please call the main phone number.\n\nPlease note, we will not be operational on Tuesday, November 1. We encourage you to contact us if you have any pending or potential matters that are time sensitive.\n\nWe ask your help to make this a smooth transition by bringing your deposits to Cashiers at Oregon Hall by Wednesday, October 26, at 3:00 pm, if possible.\n\nWe look forward to serving you in our new location!\n<a href=""https://ba.uoregon.edu/move"">https://ba.uoregon.edu/move</a>\n\n\n-------------- next part --------------\nAn HTML attachment was scrubbed...\nURL: &lt;<a href=""http://lists-prod.uoregon.edu/pipermail/cash/attachments/20161021/92aa05b3/attachment.html"">http://lists-prod.uoregon.edu/pipermail/cash/attachments/20161021/92aa05b3/attachment.html</a>&gt;\n</pre>'","b'Dear Campus Colleagues,\n\nThe Cashiers Office will soon be relocating to the Thompson University Center at 720 E 13th Ave, First Floor.\nCashiers move service hours and locations:\n\nOctober 27 - 28, 8 am - 5 pm - Oregon Hall, Student Billing Front Counter\n\nOctober 31, 8 am - 3 pm - Oregon Hall, Student Billing Front Counter\n\nNovember 1 - Closed\n\nNovember 2, 8:30 am - 5 pm - Thompson University Center, First Floor\n\nWe will continue answering our main phone number (541-346-3154) throughout this period.  If you need to reach a Cashiers employee by phone, please call the main phone number.\n\nPlease note, we will not be operational on Tuesday, November 1. We encourage you to contact us if you have any pending or potential matters that are time sensitive.\n\nWe ask your help to make this a smooth transition by bringing your deposits to Cashiers at Oregon Hall by Wednesday, October 26, at 3:00 pm, if possible.\n\nWe look forward to serving you in our new location!\nhttps://ba.uoregon.edu/move\n\n\n-------------- next part --------------\nAn HTML attachment was scrubbed...\nURL: <http://lists-prod.uoregon.edu/pipermail/cash/attachments/20161021/92aa05b3/attachment.html>\n'"
2017-06-12 16:08:37,b'cash: Year-End deposit reminder',b'Campus Cash Handlers',b'cash@lists.uoregon.edu',b'http://lists-prod.uoregon.edu/pipermail/cash/2017/000016.html',"b'<pre>Friday, June 30th is the deadline for Departmental Deposits that need to be recorded in the current year. In order to facilitate timely closing of the books, the Cashiers Department will close at 4:00PM on the 30th. To ensure that all deposits are posted to the current fiscal year, please have them delivered to the Cashier\'s Department by 2:00 pm. To beat the year-end rush, it is beneficial to bring your deposits to Cashiers earlier in the week.\n\nPlease note that regardless of the date a deposit was created in TWADEPO, it must be delivered to the Cashiers Department and processed by Cashiers no later than June 30th for it to be recorded in Fiscal Year 17.\n\nMike Syljuberget\nCashiers Manager-Business Affairs Office\nUniversity of Oregon\n(541) 346-3164\n\n-------------- next part --------------\nAn HTML attachment was scrubbed...\nURL: &lt;<a href=""http://lists-prod.uoregon.edu/pipermail/cash/attachments/20170612/7bbf3fd2/attachment.html"">http://lists-prod.uoregon.edu/pipermail/cash/attachments/20170612/7bbf3fd2/attachment.html</a>&gt;\n</pre>'","b""Friday, June 30th is the deadline for Departmental Deposits that need to be recorded in the current year. In order to facilitate timely closing of the books, the Cashiers Department will close at 4:00PM on the 30th. To ensure that all deposits are posted to the current fiscal year, please have them delivered to the Cashier's Department by 2:00 pm. To beat the year-end rush, it is beneficial to bring your deposits to Cashiers earlier in the week.\n\nPlease note that regardless of the date a deposit was created in TWADEPO, it must be delivered to the Cashiers Department and processed by Cashiers no later than June 30th for it to be recorded in Fiscal Year 17.\n\nMike Syljuberget\nCashiers Manager-Business Affairs Office\nUniversity of Oregon\n(541) 346-3164\n\n-------------- next part --------------\nAn HTML attachment was scrubbed...\nURL: <http://lists-prod.uoregon.edu/pipermail/cash/attachments/20170612/7bbf3fd2/attachment.html>\n"""
2017-06-28 14:47:56,b'cash: Attention: Cashiers Closing Early',b'Campus Cash Handlers',b'cash@lists.uoregon.edu',b'http://lists-prod.uoregon.edu/pipermail/cash/2017/000017.html',"b'<pre>Friday, June 30th is the deadline for Departmental Deposits that need to be recorded in the current year. In order to facilitate timely closing of the books, the Cashiers Department will close at 4:00PM on the 30th. To ensure that all deposits are posted to the current fiscal year, please have them delivered to the Cashier\'s Department by 2:00 pm.\n\n\nMike Syljuberget\nCashiers Manager-Business Affairs Office\nUniversity of Oregon\n(541) 346-3164\n\n-------------- next part --------------\nAn HTML attachment was scrubbed...\nURL: &lt;<a href=""http://lists-prod.uoregon.edu/pipermail/cash/attachments/20170628/4705df81/attachment.html"">http://lists-prod.uoregon.edu/pipermail/cash/attachments/20170628/4705df81/attachment.html</a>&gt;\n</pre>'","b""Friday, June 30th is the deadline for Departmental Deposits that need to be recorded in the current year. In order to facilitate timely closing of the books, the Cashiers Department will close at 4:00PM on the 30th. To ensure that all deposits are posted to the current fiscal year, please have them delivered to the Cashier's Department by 2:00 pm.\n\n\nMike Syljuberget\nCashiers Manager-Business Affairs Office\nUniversity of Oregon\n(541) 346-3164\n\n-------------- next part --------------\nAn HTML attachment was scrubbed...\nURL: <http://lists-prod.uoregon.edu/pipermail/cash/attachments/20170628/4705df81/attachment.html>\n"""
2017-06-29 08:44:52,b'cash: Department Deposit in Transit Reminder',b'Campus Cash Handlers',b'cash@lists.uoregon.edu',b'http://lists-prod.uoregon.edu/pipermail/cash/2017/000018.html',"b'<pre>Good morning,\n\nThe Business Affairs Office (BAO) Financial Services Department would like to remind University of Oregon (UO) personnel of the use of account code A0951 Cash-Department Deposit In Transit. For payments you have received but cannot deposit before the Cashiers\' Office year-end deadline of 2:00 p.m., Friday June 30th, please use the following procedures to record a deposit in transit.\nRecord the deposit in transit by JV with a June transaction date:\n\nDebit                      Department Index               A0951 Cash-Department Deposit In Transit\n\nCredit                     Department Index               Revenue, Unearned Revenue, Accounts Receivable, etc.\n\nTo make the physical deposit with UO Cashiers using Banner form TWADEPO the next month:\n\nDebit                      CASH, CHEK, or CARD depending on how the payment was received\nCredit                     Department Index               A0951 Cash-Department Deposit In Transit\n\nIf deposits are made with the Cashiers\' Office in July that were received by your department in June, and the above procedures were not utilized, accrue the deposit with the following JV\'s.\n\nTo correct the FY17 activity, record the deposit in transit by JV with a June transaction date:\n\nDebit                      Department Index               A0951 Cash-Department Deposit In Transit\n\nCredit                     Department Index               Revenue, Unearned Revenue, Accounts Receivable, etc.\n\nTo correct the FY18 activity, reverse the entry with a July transaction date:\n\nDebit                      Department Index               Revenue, Unearned Revenue, Accounts Receivable, etc.\nCredit                     Department Index               A0951 Cash-Department Deposit In Transit\n\n\nPlease note that this account code and procedure should only be used to record payments that you have received but are unable to deposit with UO Cashiers by month end. Established cash handling procedures must be followed as indicated at <a href=""http://ba.uoregon.edu/staff/cash-handling-and-departmental-deposits."">http://ba.uoregon.edu/staff/cash-handling-and-departmental-deposits.</a>\n\n\n\nThank you,\n\nBAO Financial Services Department\n\nPhil Davis, 6-3524, <a href=""https://lists-prod.uoregon.edu/mailman/listinfo/cash"">pdavis at uoregon.edu</a>\nJill Ritz, 6-1256, <a href=""https://lists-prod.uoregon.edu/mailman/listinfo/cash"">jritz at uoregon.edu</a>&lt;mailto:<a href=""https://lists-prod.uoregon.edu/mailman/listinfo/cash"">jritz at uoregon.edu</a>&gt;\nRobbin Howard, 6-1115, <a href=""https://lists-prod.uoregon.edu/mailman/listinfo/cash"">rchoward at uoregon.edu</a>&lt;mailto:<a href=""https://lists-prod.uoregon.edu/mailman/listinfo/cash"">rchoward at uoregon.edu</a>&gt;\n\n\n\n-------------- next part --------------\nAn HTML attachment was scrubbed...\nURL: &lt;<a href=""http://lists-prod.uoregon.edu/pipermail/cash/attachments/20170629/a917da84/attachment.html"">http://lists-prod.uoregon.edu/pipermail/cash/attachments/20170629/a917da84/attachment.html</a>&gt;\n</pre>'","b""Good morning,\n\nThe Business Affairs Office (BAO) Financial Services Department would like to remind University of Oregon (UO) personnel of the use of account code A0951 Cash-Department Deposit In Transit. For payments you have received but cannot deposit before the Cashiers' Office year-end deadline of 2:00 p.m., Friday June 30th, please use the following procedures to record a deposit in transit.\nRecord the deposit in transit by JV with a June transaction date:\n\nDebit                      Department Index               A0951 Cash-Department Deposit In Transit\n\nCredit                     Department Index               Revenue, Unearned Revenue, Accounts Receivable, etc.\n\nTo make the physical deposit with UO Cashiers using Banner form TWADEPO the next month:\n\nDebit                      CASH, CHEK, or CARD depending on how the payment was received\nCredit                     Department Index               A0951 Cash-Department Deposit In Transit\n\nIf deposits are made with the Cashiers' Office in July that were received by your department in June, and the above procedures were not utilized, accrue the deposit with the following JV's.\n\nTo correct the FY17 activity, record the deposit in transit by JV with a June transaction date:\n\nDebit                      Department Index               A0951 Cash-Department Deposit In Transit\n\nCredit                     Department Index               Revenue, Unearned Revenue, Accounts Receivable, etc.\n\nTo correct the FY18 activity, reverse the entry with a July transaction date:\n\nDebit                      Department Index               Revenue, Unearned Revenue, Accounts Receivable, etc.\nCredit                     Department Index               A0951 Cash-Department Deposit In Transit\n\n\nPlease note that this account code and procedure should only be used to record payments that you have received but are unable to deposit with UO Cashiers by month end. Established cash handling procedures must be followed as indicated at http://ba.uoregon.edu/staff/cash-handling-and-departmental-deposits.\n\n\n\nThank you,\n\nBAO Financial Services Department\n\nPhil Davis, 6-3524, pdavis at uoregon.edu\nJill Ritz, 6-1256, jritz at uoregon.edu<mailto:jritz at uoregon.edu>\nRobbin Howard, 6-1115, rchoward at uoregon.edu<mailto:rchoward at uoregon.edu>\n\n\n\n-------------- next part --------------\nAn HTML attachment was scrubbed...\nURL: <http://lists-prod.uoregon.edu/pipermail/cash/attachments/20170629/a917da84/attachment.html>\n"""
2018-06-14 15:33:34,b'cash: Year End Deposit Reminder',b'Campus Cash Handlers',b'cash@lists.uoregon.edu',b'http://lists-prod.uoregon.edu/pipermail/cash/2018/000019.html',"b'<pre>As you know, we are approaching the end of another fiscal year. Friday, June 29th is the deadline for Departmental Deposits that need to be recorded in the current year. In order to ensure that all deposits are posted to the current fiscal year, they must be delivered to the Cashier\'s Department by 3:00 pm. To beat the year-end rush, it is beneficial to have your deposits delivered to Cashiers even before that date.\n\nIt is important to note that regardless of the date a deposit was created in TWADEPO, it must be delivered to the Cashiers Department and processed by Cashiers no later than June 29th for it to be recorded in Fiscal Year 18.\n\nThank you,\n\nMike Syljuberget\nCashiers Manager-Business Affairs Office\nUniversity of Oregon\n(541) 346-3164\n\n-------------- next part --------------\nAn HTML attachment was scrubbed...\nURL: &lt;<a href=""http://lists-prod.uoregon.edu/pipermail/cash/attachments/20180614/f06e053f/attachment.html"">http://lists-prod.uoregon.edu/pipermail/cash/attachments/20180614/f06e053f/attachment.html</a>&gt;\n</pre>'","b""As you know, we are approaching the end of another fiscal year. Friday, June 29th is the deadline for Departmental Deposits that need to be recorded in the current year. In order to ensure that all deposits are posted to the current fiscal year, they must be delivered to the Cashier's Department by 3:00 pm. To beat the year-end rush, it is beneficial to have your deposits delivered to Cashiers even before that date.\n\nIt is important to note that regardless of the date a deposit was created in TWADEPO, it must be delivered to the Cashiers Department and processed by Cashiers no later than June 29th for it to be recorded in Fiscal Year 18.\n\nThank you,\n\nMike Syljuberget\nCashiers Manager-Business Affairs Office\nUniversity of Oregon\n(541) 346-3164\n\n-------------- next part --------------\nAn HTML attachment was scrubbed...\nURL: <http://lists-prod.uoregon.edu/pipermail/cash/attachments/20180614/f06e053f/attachment.html>\n"""
2018-06-21 13:57:03,b'cash: Year End Deposit Reminder',b'Campus Cash Handlers',b'cash@lists.uoregon.edu',b'http://lists-prod.uoregon.edu/pipermail/cash/2018/000020.html',"b'<pre>As you know, we are approaching the end of another fiscal year. Friday, June 29th is the deadline for Departmental Deposits that need to be recorded in the current year. In order to ensure that all deposits are posted to the current fiscal year, they must be delivered to the Cashier\'s Department by 3:00 pm. To beat the year-end rush, it is beneficial to have your deposits delivered to Cashiers even before that date.\n\nIt is important to note that regardless of the date a deposit was created in TWADEPO, it must be delivered to the Cashiers Department and processed by Cashiers no later than June 29th for it to be recorded in Fiscal Year 18.\n\nThank you,\n\nMike Syljuberget\nCashiers Manager-Business Affairs Office\nUniversity of Oregon\n(541) 346-3164\n\n-------------- next part --------------\nAn HTML attachment was scrubbed...\nURL: &lt;<a href=""http://lists-prod.uoregon.edu/pipermail/cash/attachments/20180621/4896d674/attachment.html"">http://lists-prod.uoregon.edu/pipermail/cash/attachments/20180621/4896d674/attachment.html</a>&gt;\n</pre>'","b""As you know, we are approaching the end of another fiscal year. Friday, June 29th is the deadline for Departmental Deposits that need to be recorded in the current year. In order to ensure that all deposits are posted to the current fiscal year, they must be delivered to the Cashier's Department by 3:00 pm. To beat the year-end rush, it is beneficial to have your deposits delivered to Cashiers even before that date.\n\nIt is important to note that regardless of the date a deposit was created in TWADEPO, it must be delivered to the Cashiers Department and processed by Cashiers no later than June 29th for it to be recorded in Fiscal Year 18.\n\nThank you,\n\nMike Syljuberget\nCashiers Manager-Business Affairs Office\nUniversity of Oregon\n(541) 346-3164\n\n-------------- next part --------------\nAn HTML attachment was scrubbed...\nURL: <http://lists-prod.uoregon.edu/pipermail/cash/attachments/20180621/4896d674/attachment.html>\n"""
2018-06-28 08:53:07,b'cash: Department Deposit in Transit Reminder',b'Campus Cash Handlers',b'cash@lists.uoregon.edu',b'http://lists-prod.uoregon.edu/pipermail/cash/2018/000021.html',"b'<pre>Good morning,\n\nThe Business Affairs Office (BAO) Financial Services Department would like to remind University of Oregon (UO) personnel of the use of account code A0951 Cash-Department Deposit In Transit. For payments you have received but cannot deposit before the Cashiers\' Office year-end deadline of 3:00 p.m., Friday June 29th, please use the following procedures to record a deposit in transit.\nRecord the deposit in transit by JV with a June transaction date:\n\nDebit                      Department Index               A0951 Cash-Department Deposit In Transit\n\nCredit                     Department Index               Revenue, Unearned Revenue, Accounts Receivable, etc.\n\nTo make the physical deposit with UO Cashiers using Banner form TWADEPO the next month:\n\nDebit                      CASH, CHEK, or CARD depending on how the payment was received\nCredit                     Department Index               A0951 Cash-Department Deposit In Transit\n\nIf deposits are made with the Cashiers\' Office in July that were received by your department in June, and the above procedures were not utilized, accrue the deposit with the following JV\'s.\n\nTo correct the FY18 activity, record the deposit in transit by JV with a June transaction date:\n\nDebit                      Department Index               A0951 Cash-Department Deposit In Transit\n\nCredit                     Department Index               Revenue, Unearned Revenue, Accounts Receivable, etc.\n\nTo correct the FY19 activity, reverse the entry with a July transaction date:\n\nDebit                      Department Index               Revenue, Unearned Revenue, Accounts Receivable, etc.\nCredit                     Department Index               A0951 Cash-Department Deposit In Transit\n\n\nPlease note that this account code and procedure should only be used to record payments that you have received but are unable to deposit with UO Cashiers by month end. Established cash handling procedures must be followed as indicated at <a href=""http://ba.uoregon.edu/staff/cash-handling-and-departmental-deposits."">http://ba.uoregon.edu/staff/cash-handling-and-departmental-deposits.</a>\n\n\nThank you,\n\nBAO Financial Services Department\n\nPhil Davis, 6-3524, <a href=""https://lists-prod.uoregon.edu/mailman/listinfo/cash"">pdavis at uoregon.edu</a>&lt;mailto:<a href=""https://lists-prod.uoregon.edu/mailman/listinfo/cash"">pdavis at uoregon.edu</a>&gt;\nJill Ritz, 6-1256, <a href=""https://lists-prod.uoregon.edu/mailman/listinfo/cash"">jritz at uoregon.edu</a>&lt;mailto:<a href=""https://lists-prod.uoregon.edu/mailman/listinfo/cash"">jritz at uoregon.edu</a>&gt;\nRobbin Howard, 6-1115, <a href=""https://lists-prod.uoregon.edu/mailman/listinfo/cash"">rchoward at uoregon.edu</a>&lt;mailto:<a href=""https://lists-prod.uoregon.edu/mailman/listinfo/cash"">rchoward at uoregon.edu</a>&gt;\n\n-------------- next part --------------\nAn HTML attachment was scrubbed...\nURL: &lt;<a href=""http://lists-prod.uoregon.edu/pipermail/cash/attachments/20180628/e12310d6/attachment.html"">http://lists-prod.uoregon.edu/pipermail/cash/attachments/20180628/e12310d6/attachment.html</a>&gt;\n</pre>'","b""Good morning,\n\nThe Business Affairs Office (BAO) Financial Services Department would like to remind University of Oregon (UO) personnel of the use of account code A0951 Cash-Department Deposit In Transit. For payments you have received but cannot deposit before the Cashiers' Office year-end deadline of 3:00 p.m., Friday June 29th, please use the following procedures to record a deposit in transit.\nRecord the deposit in transit by JV with a June transaction date:\n\nDebit                      Department Index               A0951 Cash-Department Deposit In Transit\n\nCredit                     Department Index               Revenue, Unearned Revenue, Accounts Receivable, etc.\n\nTo make the physical deposit with UO Cashiers using Banner form TWADEPO the next month:\n\nDebit                      CASH, CHEK, or CARD depending on how the payment was received\nCredit                     Department Index               A0951 Cash-Department Deposit In Transit\n\nIf deposits are made with the Cashiers' Office in July that were received by your department in June, and the above procedures were not utilized, accrue the deposit with the following JV's.\n\nTo correct the FY18 activity, record the deposit in transit by JV with a June transaction date:\n\nDebit                      Department Index               A0951 Cash-Department Deposit In Transit\n\nCredit                     Department Index               Revenue, Unearned Revenue, Accounts Receivable, etc.\n\nTo correct the FY19 activity, reverse the entry with a July transaction date:\n\nDebit                      Department Index               Revenue, Unearned Revenue, Accounts Receivable, etc.\nCredit                     Department Index               A0951 Cash-Department Deposit In Transit\n\n\nPlease note that this account code and procedure should only be used to record payments that you have received but are unable to deposit with UO Cashiers by month end. Established cash handling procedures must be followed as indicated at http://ba.uoregon.edu/staff/cash-handling-and-departmental-deposits.\n\n\nThank you,\n\nBAO Financial Services Department\n\nPhil Davis, 6-3524, pdavis at uoregon.edu<mailto:pdavis at uoregon.edu>\nJill Ritz, 6-1256, jritz at uoregon.edu<mailto:jritz at uoregon.edu>\nRobbin Howard, 6-1115, rchoward at uoregon.edu<mailto:rchoward at uoregon.edu>\n\n-------------- next part --------------\nAn HTML attachment was scrubbed...\nURL: <http://lists-prod.uoregon.edu/pipermail/cash/attachments/20180628/e12310d6/attachment.html>\n"""
2018-12-12 16:20:30,b'cash: Cashiers Office closure Friday Dec 14 noon-1:30pm',b'Campus Cash Handlers',b'cash@lists.uoregon.edu',b'http://lists-prod.uoregon.edu/pipermail/cash/2018/000022.html',"b'<pre>Good afternoon,\n\nThe Cashiers Office will be closed this Friday, December 14th, noon-1:30 p.m. for the Business Affairs Office holiday party.\n\nThanks!\nCashiers Office\n\n-------------- next part --------------\nAn HTML attachment was scrubbed...\nURL: &lt;<a href=""http://lists-prod.uoregon.edu/pipermail/cash/attachments/20181213/c29c80a1/attachment.html"">http://lists-prod.uoregon.edu/pipermail/cash/attachments/20181213/c29c80a1/attachment.html</a>&gt;\n</pre>'","b'Good afternoon,\n\nThe Cashiers Office will be closed this Friday, December 14th, noon-1:30 p.m. for the Business Affairs Office holiday party.\n\nThanks!\nCashiers Office\n\n-------------- next part --------------\nAn HTML attachment was scrubbed...\nURL: <http://lists-prod.uoregon.edu/pipermail/cash/attachments/20181213/c29c80a1/attachment.html>\n'"
2018-12-13 11:24:32,b'cash: Reminder: Banner 9 - FIS Departmental Deposits (TWADEPO) Demo',b'Campus Cash Handlers',b'cash@lists.uoregon.edu',b'http://lists-prod.uoregon.edu/pipermail/cash/2018/000023.html',"b'<pre>This is a reminder to all Departmental Deposits (TWADEPO) users that the Banner 9 Demo of this object is scheduled for today in the Crater Lake room of the EMU.  While the demonstration will focus on the differences between Banner 8 and Banner 9 relative to this form, any questions about the process will be welcomed.  Registration for the course is available in MyTrack and we encourage everyone with any interest in the topic to register for the course prior to attending.\n\nBanner 9 - FIS Departmental Deposits (TWADEPO) Demo\n\nThursday, December 13, 2018\n\n3:00PM to 4:30PM\n\nEMU Crater Lake Room\n\n\n\nThe following are some topics that will be covered during the session:\n\n*         Banner 9 transformation update\n\n*         Entering and viewing Departmental Deposits\n\n*         Associated screen views\n\n\n\nPlease contact Brian Strait (x6-2387) with any questions.  We apologize for any inconvenience.\n\n-------------- next part --------------\nAn HTML attachment was scrubbed...\nURL: &lt;<a href=""http://lists-prod.uoregon.edu/pipermail/cash/attachments/20181213/01d025b1/attachment.html"">http://lists-prod.uoregon.edu/pipermail/cash/attachments/20181213/01d025b1/attachment.html</a>&gt;\n</pre>'","b'This is a reminder to all Departmental Deposits (TWADEPO) users that the Banner 9 Demo of this object is scheduled for today in the Crater Lake room of the EMU.  While the demonstration will focus on the differences between Banner 8 and Banner 9 relative to this form, any questions about the process will be welcomed.  Registration for the course is available in MyTrack and we encourage everyone with any interest in the topic to register for the course prior to attending.\n\nBanner 9 - FIS Departmental Deposits (TWADEPO) Demo\n\nThursday, December 13, 2018\n\n3:00PM to 4:30PM\n\nEMU Crater Lake Room\n\n\n\nThe following are some topics that will be covered during the session:\n\n*         Banner 9 transformation update\n\n*         Entering and viewing Departmental Deposits\n\n*         Associated screen views\n\n\n\nPlease contact Brian Strait (x6-2387) with any questions.  We apologize for any inconvenience.\n\n-------------- next part --------------\nAn HTML attachment was scrubbed...\nURL: <http://lists-prod.uoregon.edu/pipermail/cash/attachments/20181213/01d025b1/attachment.html>\n'"
2019-06-19 16:59:31,b'cash: Year End Deposit Reminder',b'Campus Cash Handlers',b'cash@lists.uoregon.edu',b'http://lists-prod.uoregon.edu/pipermail/cash/2019/000024.html',"b'<pre>As you know, we are approaching the end of another fiscal year. Friday, June 28th is the deadline for Departmental Deposits that need to be recorded in the current year. In order to ensure that all deposits are posted to the current fiscal year, they must be delivered to the Cashier\'s Department by 3:00 pm. To beat the year-end rush, it is beneficial to have your deposits delivered to Cashiers even before that date.\n\nIt is important to note that regardless of the date a deposit was created in TWADEPO, it must be delivered to the Cashiers Department and processed by Cashiers no later than June 28th for it to be recorded in Fiscal Year 19.\n\nThank you,\n\nMike Syljuberget\nCashiers Manager-Business Affairs Office\nUniversity of Oregon\n(541) 346-3164\n\n-------------- next part --------------\nAn HTML attachment was scrubbed...\nURL: &lt;<a href=""http://lists-prod.uoregon.edu/pipermail/cash/attachments/20190619/3743aa36/attachment.html"">http://lists-prod.uoregon.edu/pipermail/cash/attachments/20190619/3743aa36/attachment.html</a>&gt;\n</pre>'","b""As you know, we are approaching the end of another fiscal year. Friday, June 28th is the deadline for Departmental Deposits that need to be recorded in the current year. In order to ensure that all deposits are posted to the current fiscal year, they must be delivered to the Cashier's Department by 3:00 pm. To beat the year-end rush, it is beneficial to have your deposits delivered to Cashiers even before that date.\n\nIt is important to note that regardless of the date a deposit was created in TWADEPO, it must be delivered to the Cashiers Department and processed by Cashiers no later than June 28th for it to be recorded in Fiscal Year 19.\n\nThank you,\n\nMike Syljuberget\nCashiers Manager-Business Affairs Office\nUniversity of Oregon\n(541) 346-3164\n\n-------------- next part --------------\nAn HTML attachment was scrubbed...\nURL: <http://lists-prod.uoregon.edu/pipermail/cash/attachments/20190619/3743aa36/attachment.html>\n"""
2019-06-25 09:16:13,b'cash: Year End Deposit Reminder',b'Campus Cash Handlers',b'cash@lists.uoregon.edu',b'http://lists-prod.uoregon.edu/pipermail/cash/2019/000025.html',"b'<pre>As you know, we are approaching the end of another fiscal year. Friday, June 28th is the deadline for Departmental Deposits that need to be recorded in the current year. In order to ensure that all deposits are posted to the current fiscal year, they must be delivered to the Cashier\'s Department by 3:00 pm. To beat the year-end rush, it is beneficial to have your deposits delivered to Cashiers even before that date.\n\nIt is important to note that regardless of the date a deposit was created in TWADEPO, it must be delivered to the Cashiers Department and processed by Cashiers no later than June 28th for it to be recorded in Fiscal Year 19.\n\nThank you,\n\nMike Syljuberget\nCashiers Manager-Business Affairs Office\nUniversity of Oregon\n(541) 346-3164\n\n-------------- next part --------------\nAn HTML attachment was scrubbed...\nURL: &lt;<a href=""http://lists-prod.uoregon.edu/pipermail/cash/attachments/20190625/90abf5cf/attachment.html"">http://lists-prod.uoregon.edu/pipermail/cash/attachments/20190625/90abf5cf/attachment.html</a>&gt;\n</pre>'","b""As you know, we are approaching the end of another fiscal year. Friday, June 28th is the deadline for Departmental Deposits that need to be recorded in the current year. In order to ensure that all deposits are posted to the current fiscal year, they must be delivered to the Cashier's Department by 3:00 pm. To beat the year-end rush, it is beneficial to have your deposits delivered to Cashiers even before that date.\n\nIt is important to note that regardless of the date a deposit was created in TWADEPO, it must be delivered to the Cashiers Department and processed by Cashiers no later than June 28th for it to be recorded in Fiscal Year 19.\n\nThank you,\n\nMike Syljuberget\nCashiers Manager-Business Affairs Office\nUniversity of Oregon\n(541) 346-3164\n\n-------------- next part --------------\nAn HTML attachment was scrubbed...\nURL: <http://lists-prod.uoregon.edu/pipermail/cash/attachments/20190625/90abf5cf/attachment.html>\n"""
2019-06-27 08:56:45,b'cash: Departmental Deposit in Transit Reminder',b'Campus Cash Handlers',b'cash@lists.uoregon.edu',b'http://lists-prod.uoregon.edu/pipermail/cash/2019/000026.html',"b'<pre>Good morning,\n\nThe Business Affairs Office (BAO) Financial Services Department would like to remind University of Oregon (UO) personnel of the use of account code A0951 Cash-Department Deposit In Transit. For payments you have received but cannot deposit before the Cashiers\' Office year-end deadline of 3:00 p.m., Friday June 28th, please use the following procedures to record a deposit in transit.\nRecord the deposit in transit by JV with a June transaction date:\n\nDebit                      Department Index               A0951 Cash-Department Deposit In Transit\n\nCredit                     Department Index               Revenue, Unearned Revenue, Accounts Receivable, etc.\n\nTo make the physical deposit with UO Cashiers using Banner form TWADEPO the next month:\n\nDebit                      CASH, CHEK, or CARD depending on how the payment was received\nCredit                     Department Index               A0951 Cash-Department Deposit In Transit\n\nIf deposits are made with the Cashiers\' Office in July that were received by your department in June, and the above procedures were not utilized, accrue the deposit with the following JV\'s.\n\nTo correct the FY19 activity, record the deposit in transit by JV with a June transaction date:\n\nDebit                      Department Index               A0951 Cash-Department Deposit In Transit\n\nCredit                     Department Index               Revenue, Unearned Revenue, Accounts Receivable, etc.\n\nTo correct the FY20 activity, reverse the entry with a July transaction date:\n\nDebit                      Department Index               Revenue, Unearned Revenue, Accounts Receivable, etc.\nCredit                     Department Index               A0951 Cash-Department Deposit In Transit\n\n\nPlease note that this account code and procedure should only be used to record payments that you have received but are unable to deposit with UO Cashiers by month end. Established cash handling procedures must be followed as indicated at <a href=""http://ba.uoregon.edu/staff/cash-handling-and-departmental-deposits."">http://ba.uoregon.edu/staff/cash-handling-and-departmental-deposits.</a>\n\nThank you,\n\nBAO Financial Services Department\n\nPhil Davis, 6-3524, <a href=""https://lists-prod.uoregon.edu/mailman/listinfo/cash"">pdavis at uoregon.edu</a>&lt;mailto:<a href=""https://lists-prod.uoregon.edu/mailman/listinfo/cash"">pdavis at uoregon.edu</a>&gt;\nJill Ritz, 6-1256, <a href=""https://lists-prod.uoregon.edu/mailman/listinfo/cash"">jritz at uoregon.edu</a>&lt;mailto:<a href=""https://lists-prod.uoregon.edu/mailman/listinfo/cash"">jritz at uoregon.edu</a>&gt;\nRobbin Howard, 6-1115, <a href=""https://lists-prod.uoregon.edu/mailman/listinfo/cash"">rchoward at uoregon.edu</a>&lt;mailto:<a href=""https://lists-prod.uoregon.edu/mailman/listinfo/cash"">rchoward at uoregon.edu</a>&gt;\n\n-------------- next part --------------\nAn HTML attachment was scrubbed...\nURL: &lt;<a href=""http://lists-prod.uoregon.edu/pipermail/cash/attachments/20190627/d93d934a/attachment.html"">http://lists-prod.uoregon.edu/pipermail/cash/attachments/20190627/d93d934a/attachment.html</a>&gt;\n</pre>'","b""Good morning,\n\nThe Business Affairs Office (BAO) Financial Services Department would like to remind University of Oregon (UO) personnel of the use of account code A0951 Cash-Department Deposit In Transit. For payments you have received but cannot deposit before the Cashiers' Office year-end deadline of 3:00 p.m., Friday June 28th, please use the following procedures to record a deposit in transit.\nRecord the deposit in transit by JV with a June transaction date:\n\nDebit                      Department Index               A0951 Cash-Department Deposit In Transit\n\nCredit                     Department Index               Revenue, Unearned Revenue, Accounts Receivable, etc.\n\nTo make the physical deposit with UO Cashiers using Banner form TWADEPO the next month:\n\nDebit                      CASH, CHEK, or CARD depending on how the payment was received\nCredit                     Department Index               A0951 Cash-Department Deposit In Transit\n\nIf deposits are made with the Cashiers' Office in July that were received by your department in June, and the above procedures were not utilized, accrue the deposit with the following JV's.\n\nTo correct the FY19 activity, record the deposit in transit by JV with a June transaction date:\n\nDebit                      Department Index               A0951 Cash-Department Deposit In Transit\n\nCredit                     Department Index               Revenue, Unearned Revenue, Accounts Receivable, etc.\n\nTo correct the FY20 activity, reverse the entry with a July transaction date:\n\nDebit                      Department Index               Revenue, Unearned Revenue, Accounts Receivable, etc.\nCredit                     Department Index               A0951 Cash-Department Deposit In Transit\n\n\nPlease note that this account code and procedure should only be used to record payments that you have received but are unable to deposit with UO Cashiers by month end. Established cash handling procedures must be followed as indicated at http://ba.uoregon.edu/staff/cash-handling-and-departmental-deposits.\n\nThank you,\n\nBAO Financial Services Department\n\nPhil Davis, 6-3524, pdavis at uoregon.edu<mailto:pdavis at uoregon.edu>\nJill Ritz, 6-1256, jritz at uoregon.edu<mailto:jritz at uoregon.edu>\nRobbin Howard, 6-1115, rchoward at uoregon.edu<mailto:rchoward at uoregon.edu>\n\n-------------- next part --------------\nAn HTML attachment was scrubbed...\nURL: <http://lists-prod.uoregon.edu/pipermail/cash/attachments/20190627/d93d934a/attachment.html>\n"""
2019-09-20 10:09:14,b'cash: New credit card Terminal verification process',b'Campus Cash Handlers',b'cash@lists.uoregon.edu',b'http://lists-prod.uoregon.edu/pipermail/cash/2019/000027.html',"b'<pre>Good morning,\n\nThis message is for all departments on campus who accept payments using credit card terminals.\n\nThere has been a recent upgrade at Elavon in regards to verifying an account whenever you need to call the Elavon Terminal Support number 1-800-777-7240. Below is a list of verification options that will be asked when you call that number for technical support on your terminal:\n\n-You will be required to provide your MID (Merchant ID number), which should be on the same sticker affixed to your terminal that includes the Technical Support number.\n\n-You will also be asked an additional verification question that may include one of the following:\n  - Last 5 digits of the UO bank account your batches are deposited into: 75662\n  - The date and amount of the last batch you settled.\n  - The UO Federal Tax ID number: 46-4727800\n\nYou should have this information handy before you call the Technical Support number - they will ask you for your MID, and one of these other identifying questions.\n\nIf you have any questions about this, feel free to contact me.\n\nMike Syljuberget\nCashiers Manager-Business Affairs Office\nUniversity of Oregon\n(541) 346-3164\n\n-------------- next part --------------\nAn HTML attachment was scrubbed...\nURL: &lt;<a href=""http://lists-prod.uoregon.edu/pipermail/cash/attachments/20190920/a80b9034/attachment.html"">http://lists-prod.uoregon.edu/pipermail/cash/attachments/20190920/a80b9034/attachment.html</a>&gt;\n</pre>'","b'Good morning,\n\nThis message is for all departments on campus who accept payments using credit card terminals.\n\nThere has been a recent upgrade at Elavon in regards to verifying an account whenever you need to call the Elavon Terminal Support number 1-800-777-7240. Below is a list of verification options that will be asked when you call that number for technical support on your terminal:\n\n-You will be required to provide your MID (Merchant ID number), which should be on the same sticker affixed to your terminal that includes the Technical Support number.\n\n-You will also be asked an additional verification question that may include one of the following:\n  - Last 5 digits of the UO bank account your batches are deposited into: 75662\n  - The date and amount of the last batch you settled.\n  - The UO Federal Tax ID number: 46-4727800\n\nYou should have this information handy before you call the Technical Support number - they will ask you for your MID, and one of these other identifying questions.\n\nIf you have any questions about this, feel free to contact me.\n\nMike Syljuberget\nCashiers Manager-Business Affairs Office\nUniversity of Oregon\n(541) 346-3164\n\n-------------- next part --------------\nAn HTML attachment was scrubbed...\nURL: <http://lists-prod.uoregon.edu/pipermail/cash/attachments/20190920/a80b9034/attachment.html>\n'"
